elskerinde;elskerindes;elskerindeINS(s);INS(s);;danish
rabat;rabats;rabatINS(s);INS(s);;danish
moderkage;moderkage;moderkage;;;danish
trolde;troldede;trolINS(de)de;INS(de);;danish
diller;diller;diller;;;danish
metode;metoden;metodeINS(n);INS(n);;danish
skafot;skafotters;skafotINS(ters);INS(ters);;danish
gebyr;gebyrers;gebyrINS(ers);INS(ers);;danish
ildflue;ildflues;ildflueINS(s);INS(s);;danish
graviditet;graviditets;graviditetINS(s);INS(s);;danish
tirsdag;tirsdag;tirsdag;;;danish
laste;lastedes;lasteINS(des);INS(des);;danish
palindrom;palindromer;palindromINS(er);INS(er);;danish
folkehøjskole;folkehøjskolen;folkehøjskoleINS(n);INS(n);;danish
metier;metierer;metiINS(er)er;INS(er);;danish
spindelvæv;spindelvævs;spindelvævINS(s);INS(s);;danish
batteri;batteriet;batteriINS(et);INS(et);;danish
dåne;dåne;dåne;;;danish
kile;kilerne;kilINS(ern)e;INS(ern);;danish
hængebro;hængebros;hængebroINS(s);INS(s);;danish
immigration;immigrationerne;immigrationINS(erne);INS(erne);;danish
knalde;knalde;knalde;;;danish
agronom;agronoms;agronomINS(s);INS(s);;danish
synd;synden;syndINS(en);INS(en);;danish
mentor;mentor;mentor;;;danish
længdebølge;længdebølges;længdebølgeINS(s);INS(s);;danish
næs;næsset;næsINS(set);INS(set);;danish
bryn;bryns;brynINS(s);INS(s);;danish
medalje;medaljers;medaljeINS(rs);INS(rs);;danish
anæstesi;anæstesier;anæstesiINS(er);INS(er);;danish
buket;buketterne;buketINS(terne);INS(terne);;danish
fregne;fregnerne;fregINS(ner)ne;INS(ner);;danish
avokado;avokado;avokado;;;danish
rugemor;rugemødrene;rugemDEL(o)INS(ød)rINS(ene);INS(ød),INS(ene);DEL(o);danish
muffe;muffen;muffeINS(n);INS(n);;danish
palmesøndag;palmesøndages;palmesøndagINS(es);INS(es);;danish
despoti;despotiers;despotiINS(ers);INS(ers);;danish
opfostre;opfostres;opfostreINS(s);INS(s);;danish
legeme;legemerne;legemINS(ern)e;INS(ern);;danish
orgasme;orgasmen;orgasmeINS(n);INS(n);;danish
hofteben;hofteben;hofteben;;;danish
liv;livs;livINS(s);INS(s);;danish
kommissær;kommissærs;kommissærINS(s);INS(s);;danish
bilist;bilist;bilist;;;danish
trold;trolds;troldINS(s);INS(s);;danish
brise;briserne;brisINS(ern)e;INS(ern);;danish
maskine;maskines;maskineINS(s);INS(s);;danish
klimaforandring;klimaforandrings;klimaforandringINS(s);INS(s);;danish
soldug;soldug;soldug;;;danish
afrodisiakum;afrodisiakaene;afrodisiakDEL(um)INS(aene);INS(aene);DEL(um);danish
håndboldspiller;håndboldspillerene;håndboldspillerINS(ene);INS(ene);;danish
hjemmeside;hjemmesiden;hjemmesideINS(n);INS(n);;danish
egern;egernet;egernINS(et);INS(et);;danish
tryne;trynerne;tryINS(ner)ne;INS(ner);;danish
prins;prinser;prinsINS(er);INS(er);;danish
stab;staben;stabINS(en);INS(en);;danish
kommutere;kommutere;kommutere;;;danish
vulkan;vulkanerne;vulkanINS(erne);INS(erne);;danish
konference;konferencerne;konferencINS(ern)e;INS(ern);;danish
snestorm;snestormene;snestormINS(ene);INS(ene);;danish
foreningsmængde;foreningsmængders;foreningsmængdeINS(rs);INS(rs);;danish
primtal;primtal;primtal;;;danish
delfin;delfiner;delfinINS(er);INS(er);;danish
svulme;svulmer;svulmeINS(r);INS(r);;danish
kapring;kapringen;kapringINS(en);INS(en);;danish
kaffekande;kaffekanders;kaffekandeINS(rs);INS(rs);;danish
kirkegård;kirkegård;kirkegård;;;danish
centralnervesystem;centralnervesystems;centralnervesystemINS(s);INS(s);;danish
dragt;dragterne;dragtINS(erne);INS(erne);;danish
inuit;inuitters;inuitINS(ters);INS(ters);;danish
skudår;skudårs;skudårINS(s);INS(s);;danish
proprium;propriers;propriDEL(um)INS(ers);INS(ers);DEL(um);danish
café au lait;café au lait;café au lait;;;danish
trafikprop;trafikproppen;trafikpropINS(pen);INS(pen);;danish
storhed;storheders;storhedINS(ers);INS(ers);;danish
kryds;kryds';krydsINS(');INS(');;danish
nødudgang;nødudgangene;nødudgangINS(ene);INS(ene);;danish
translitteration;translitterationen;translitteratioINS(ne)n;INS(ne);;danish
hørfrø;hørfrø;hørfrø;;;danish
emne;emnerne;emINS(ner)ne;INS(ner);;danish
pulver;pulver;pulver;;;danish
ønskedrøm;ønskedrømme;ønskedrømINS(me);INS(me);;danish
greve;greves;greveINS(s);INS(s);;danish
dråbe;dråbes;dråbeINS(s);INS(s);;danish
hyæne;hyæners;hyæneINS(rs);INS(rs);;danish
sværd;sværdene;sværdINS(ene);INS(ene);;danish
ara;araer;araINS(er);INS(er);;danish
gravsten;gravstenene;gravstenINS(ene);INS(ene);;danish
blender;blendere;blenderINS(e);INS(e);;danish
resultat;resultats;resultatINS(s);INS(s);;danish
decimeter;decimeter;decimeter;;;danish
profet;profeten;profetINS(en);INS(en);;danish
grankogle;grankoglerne;grankoglINS(ern)e;INS(ern);;danish
kapring;kapring;kapring;;;danish
bund;bundes;bundINS(es);INS(es);;danish
slof;slofferne;slofINS(ferne);INS(ferne);;danish
genfærd;genfærds;genfærdINS(s);INS(s);;danish
spor;spors;sporINS(s);INS(s);;danish
kjove;kjovers;kjoveINS(rs);INS(rs);;danish
kædesav;kædesaves;kædesavINS(es);INS(es);;danish
data;data;data;;;danish
erfare;erfares;erfareINS(s);INS(s);;danish
lydpotte;lydpotterne;lydpottINS(ern)e;INS(ern);;danish
translitteration;translitterationer;translitterationINS(er);INS(er);;danish
kænguru;kænguruers;kænguruINS(ers);INS(ers);;danish
bombardement;bombardement;bombardement;;;danish
nyttevirkning;nyttevirkninger;nyttevirkningINS(er);INS(er);;danish
lommetyv;lommetyve;lommetyvINS(e);INS(e);;danish
japaner;japanere;japanerINS(e);INS(e);;danish
natur;naturen;naturINS(en);INS(en);;danish
pronomen;pronomenerne;pronomenINS(erne);INS(erne);;danish
immigration;immigrationers;immigrationINS(ers);INS(ers);;danish
termostat;termostater;termostatINS(er);INS(er);;danish
rombe;romber;rombeINS(r);INS(r);;danish
kælling;kællings;kællingINS(s);INS(s);;danish
isbjørn;isbjørnene;isbjørnINS(ene);INS(ene);;danish
spånplade;spånpladerne;spånpladINS(ern)e;INS(ern);;danish
højdespring;højdesprings;højdespringINS(s);INS(s);;danish
tese;teserne;tesINS(ern)e;INS(ern);;danish
stigma;stigma;stigma;;;danish
tatovere;tatoverende;tatoverINS(end)e;INS(end);;danish
fasan;fasaner;fasanINS(er);INS(er);;danish
walkie-talkie;walkie-talkie;walkie-talkie;;;danish
telefon;telefoners;telefonINS(ers);INS(ers);;danish
pokal;pokalerne;pokalINS(erne);INS(erne);;danish
revy;revyer;revyINS(er);INS(er);;danish
sløjfe;sløjfes;sløjfeINS(s);INS(s);;danish
pinjekerne;pinjekernerne;pinjekINS(ern)erne;INS(ern);;danish
spidsmus;spidsmusene;spidsmusINS(ene);INS(ene);;danish
fertilitetskvotient;fertilitetskvotienter;fertilitetskvotientINS(er);INS(er);;danish
vable;vablers;vableINS(rs);INS(rs);;danish
smed;smeden;smedINS(en);INS(en);;danish
skede;skeders;skedeINS(rs);INS(rs);;danish
kurere;kureres;kurereINS(s);INS(s);;danish
dekret;dekreters;dekretINS(ers);INS(ers);;danish
sojaolie;sojaolierne;sojaoliINS(ern)e;INS(ern);;danish
desavouere;desavoueres;desavouereINS(s);INS(s);;danish
ært;ærterne;ærtINS(erne);INS(erne);;danish
natklub;natklubbers;natklubINS(bers);INS(bers);;danish
myriade;myriaden;myriadeINS(n);INS(n);;danish
diagnose;diagnoserne;diagnosINS(ern)e;INS(ern);;danish
højdespringer;højdespringers;højdespringerINS(s);INS(s);;danish
avokado;avokadoen;avokadoINS(en);INS(en);;danish
database;database;database;;;danish
hviderusser;hviderussers;hviderusserINS(s);INS(s);;danish
entre;entre;entre;;;danish
kalkulere;kalkulerer;kalkulereINS(r);INS(r);;danish
fordampningsvarme;fordampningsvarmerne;fordampningsvarmINS(ern)e;INS(ern);;danish
forhøjelse;forhøjelser;forhøjelseINS(r);INS(r);;danish
mole;moles;moleINS(s);INS(s);;danish
insektæder;insektæderene;insektæderINS(ene);INS(ene);;danish
filet;fileterne;filetINS(erne);INS(erne);;danish
mester;mestrene;mestINS(ren)eDEL(r);INS(ren);DEL(r);danish
agerhøne;agerhønsene;agerhøINS(nse)ne;INS(nse);;danish
pyton;pytoner;pytonINS(er);INS(er);;danish
laste;lastede;lastINS(ed)e;INS(ed);;danish
udgang;udgangen;udgangINS(en);INS(en);;danish
svensker;svenskeren;svenskerINS(en);INS(en);;danish
trillebør;trillebørs;trillebørINS(s);INS(s);;danish
karotin;karotiner;karotinINS(er);INS(er);;danish
lærerinde;lærerinde;lærerinde;;;danish
orgie;orgies;orgieINS(s);INS(s);;danish
nisse;nissen;nisseINS(n);INS(n);;danish
massør;massørs;massørINS(s);INS(s);;danish
dodekaeder;dodekaedres;dodekaedDEL(e)rINS(es);INS(es);DEL(e);danish
fæstning;fæstninger;fæstningINS(er);INS(er);;danish
barre;barrer;barreINS(r);INS(r);;danish
nødudgang;nødudganges;nødudgangINS(es);INS(es);;danish
ejendom;ejendoms;ejendomINS(s);INS(s);;danish
udvikler;udvikler;udvikler;;;danish
samarbejde;samarbejdet;samarbejdeINS(t);INS(t);;danish
indkomst;indkomst;indkomst;;;danish
gerningssted;gerningsstederne;gerningsstedINS(erne);INS(erne);;danish
ragout;ragouts;ragoutINS(s);INS(s);;danish
bånd;bånd;bånd;;;danish
artikel;artikels;artikelINS(s);INS(s);;danish
nederdel;nederdels;nederdelINS(s);INS(s);;danish
palmesøndag;palmesøndage;palmesøndagINS(e);INS(e);;danish
geometri;geometrierne;geometriINS(erne);INS(erne);;danish
voldtægt;voldtægters;voldtægtINS(ers);INS(ers);;danish
brugerdiskussion;brugerdiskussionen;brugerdiskussioINS(ne)n;INS(ne);;danish
harmonika;harmonika;harmonika;;;danish
videospilkarakter;videospilkarakter;videospilkarakter;;;danish
fuchsia;fuchsiaers;fuchsiaINS(ers);INS(ers);;danish
ejer;ejeren;ejerINS(en);INS(en);;danish
madras;madras';madrasINS(');INS(');;danish
barnevogn;barnevogn;barnevogn;;;danish
hane;haners;haneINS(rs);INS(rs);;danish
tilbud;tilbud;tilbud;;;danish
participium;participier;participiDEL(um)INS(er);INS(er);DEL(um);danish
motorkøretøj;motorkøretøjer;motorkøretøjINS(er);INS(er);;danish
sorteringsmaskine;sorteringsmaskiner;sorteringsmaskineINS(r);INS(r);;danish
argumentere;argumenteret;argumentereINS(t);INS(t);;danish
paradoks;paradoksers;paradokINS(ser)s;INS(ser);;danish
aktieselskab;aktieselskabers;aktieselskabINS(ers);INS(ers);;danish
akillessene;akillessener;akillesseneINS(r);INS(r);;danish
spiserør;spiserørene;spiserørINS(ene);INS(ene);;danish
oase;oasers;oaseINS(rs);INS(rs);;danish
oplysning;oplysning;oplysning;;;danish
entrecote;entrecotes;entrecoteINS(s);INS(s);;danish
ordbog;ordbogs;ordbogINS(s);INS(s);;danish
stad;stæderne;stDEL(a)INS(æ)dINS(erne);INS(æ),INS(erne);DEL(a);danish
kalejdoskop;kalejdoskoperne;kalejdoskopINS(erne);INS(erne);;danish
kage;kagers;kageINS(rs);INS(rs);;danish
hik;hiks;hikINS(s);INS(s);;danish
nexøbo;nexøboers;nexøboINS(ers);INS(ers);;danish
væge;væger;vægeINS(r);INS(r);;danish
pegefinger;pegefingeren;pegefingerINS(en);INS(en);;danish
hørfrø;hørfrøet;hørfrøINS(et);INS(et);;danish
danskvand;danskvanderne;danskvandINS(erne);INS(erne);;danish
puslespil;puslespil;puslespil;;;danish
frygte;frygtede;frygtINS(ed)e;INS(ed);;danish
morder;morder;morder;;;danish
emblem;emblems;emblemINS(s);INS(s);;danish
ultralyd;ultralyde;ultralydINS(e);INS(e);;danish
safir;safirer;safiINS(re)r;INS(re);;danish
egennavn;egennavn;egennavn;;;danish
lærer;lærer;lærer;;;danish
babyboom;babyboomet;babyboomINS(et);INS(et);;danish
forklare;forklar;forklarDEL(e);;DEL(e);danish
dige;digerne;digINS(ern)e;INS(ern);;danish
pesticid;pesticid;pesticid;;;danish
jubilæum;jubilæers;jubilæDEL(um)INS(ers);INS(ers);DEL(um);danish
lunde;lunder;lundeINS(r);INS(r);;danish
affaldsstof;affaldsstofferne;affaldsstofINS(ferne);INS(ferne);;danish
rosé;roséer;roséINS(er);INS(er);;danish
grimasse;grimasser;grimasseINS(r);INS(r);;danish
mellemkrigstid;mellemkrigstider;mellemkrigstidINS(er);INS(er);;danish
balkon;balkonerne;balkonINS(erne);INS(erne);;danish
tragt;tragt;tragt;;;danish
kardinalitet;kardinaliteterne;kardinalitetINS(erne);INS(erne);;danish
lort;lorts;lortINS(s);INS(s);;danish
vejrhane;vejrhaner;vejrhaneINS(r);INS(r);;danish
bon;bonen;boINS(ne)n;INS(ne);;danish
næs;næs';næsINS(');INS(');;danish
hingst;hingst;hingst;;;danish
solsikke;solsikkers;solsikkeINS(rs);INS(rs);;danish
telefon;telefonerne;telefonINS(erne);INS(erne);;danish
affaldscontainer;affaldscontaineren;affaldscontainerINS(en);INS(en);;danish
nære;nær;nærDEL(e);;DEL(e);danish
hammer;hammers;hammerINS(s);INS(s);;danish
kommunist;kommunister;kommunistINS(er);INS(er);;danish
feber;febrene;febINS(ren)eDEL(r);INS(ren);DEL(r);danish
sæbe;sæben;sæbeINS(n);INS(n);;danish
emir;emirs;emirINS(s);INS(s);;danish
indadvendthed;indadvendtheden;indadvendthedINS(en);INS(en);;danish
solvind;solvinds;solvindINS(s);INS(s);;danish
bold;bolde;boldINS(e);INS(e);;danish
topolog;topologen;topologINS(en);INS(en);;danish
e-mail-adresse;e-mail-adressers;e-mail-adresseINS(rs);INS(rs);;danish
hjælm;hjælme;hjælmINS(e);INS(e);;danish
riste;ristes;risteINS(s);INS(s);;danish
nytårsaften;nytårsaften;nytårsaften;;;danish
cigaretrør;cigaretrørs;cigaretrørINS(s);INS(s);;danish
ornitologi;ornitologiers;ornitologiINS(ers);INS(ers);;danish
ambolt;ambolte;amboltINS(e);INS(e);;danish
grundlov;grundloven;grundlovINS(en);INS(en);;danish
filet;fileters;filetINS(ers);INS(ers);;danish
fængsle;fængsledes;fængsleINS(des);INS(des);;danish
tv-program;tv-programmers;tv-programINS(mers);INS(mers);;danish
bølgelængde;bølgelængdes;bølgelængdeINS(s);INS(s);;danish
elefant;elefanter;elefantINS(er);INS(er);;danish
pilot;piloter;pilotINS(er);INS(er);;danish
frakke;frakken;frakkeINS(n);INS(n);;danish
tarm;tarms;tarmINS(s);INS(s);;danish
løjtnant;løjtnanterne;løjtnantINS(erne);INS(erne);;danish
ulk;ulkene;ulkINS(ene);INS(ene);;danish
røgelse;røgelser;røgelseINS(r);INS(r);;danish
pip;pip;pip;;;danish
pomfrit;pomfrits;pomfritINS(s);INS(s);;danish
distance;distancer;distanceINS(r);INS(r);;danish
gren;grens;grenINS(s);INS(s);;danish
høst;høst;høst;;;danish
translitteration;translitterationerne;translitterationINS(erne);INS(erne);;danish
tusinde;tusinder;tusindeINS(r);INS(r);;danish
flygel;flygelet;flygelINS(et);INS(et);;danish
antistof;antistofs;antistofINS(s);INS(s);;danish
menage;menagerne;menagINS(ern)e;INS(ern);;danish
symbol;symbolet;symbolINS(et);INS(et);;danish
skøjte;skøjte;skøjte;;;danish
gennemsnit;gennemsnits;gennemsnitINS(s);INS(s);;danish
mønster;mønsters;mønsterINS(s);INS(s);;danish
lændeklæde;lændeklædes;lændeklædeINS(s);INS(s);;danish
aktivist;aktivists;aktivistINS(s);INS(s);;danish
arving;arvingerne;arvingINS(erne);INS(erne);;danish
svanesang;svanesangs;svanesangINS(s);INS(s);;danish
bønne;bønnes;bønneINS(s);INS(s);;danish
chokoladekage;chokoladekagerne;chokoladekagINS(ern)e;INS(ern);;danish
overmængde;overmængde;overmængde;;;danish
spædbarn;spædbørnene;spædbDEL(a)INS(ø)rnINS(ene);INS(ø),INS(ene);DEL(a);danish
erfare;erfarer;erfareINS(r);INS(r);;danish
nidstirre;nidstirret;nidstirreINS(t);INS(t);;danish
fæ;fæ;fæ;;;danish
hammer;hammereshamres;hammerINS(eshamres);INS(eshamres);;danish
jubilæum;jubilæum;jubilæum;;;danish
hovedpulsåre;hovedpulsåren;hovedpulsåreINS(n);INS(n);;danish
bivuak;bivuakkerne;bivuakINS(kerne);INS(kerne);;danish
burgerbar;burgerbarers;burgerbarINS(ers);INS(ers);;danish
krebs;krebsen;krebsINS(en);INS(en);;danish
uheld;uheldet;uheldINS(et);INS(et);;danish
babyloner;babyloner;babyloner;;;danish
konjunktion;konjunktionen;konjunktioINS(ne)n;INS(ne);;danish
intervention;interventions;interventionINS(s);INS(s);;danish
chaiselong;chaiselongers;chaiselongINS(ers);INS(ers);;danish
tatovere;tatoverer;tatovereINS(r);INS(r);;danish
tryne;tryne;tryne;;;danish
kaution;kautionen;kautioINS(ne)n;INS(ne);;danish
brøk;brøken;brøkINS(en);INS(en);;danish
bæk;bækken;bækINS(ken);INS(ken);;danish
bål;båls;bålINS(s);INS(s);;danish
pæderast;pæderaster;pæderastINS(er);INS(er);;danish
komikerduo;komikerduoer;komikerduoINS(er);INS(er);;danish
befolkning;befolkninger;befolkningINS(er);INS(er);;danish
akvarel;akvarellen;akvarelINS(len);INS(len);;danish
bogklub;bogklubs;bogklubINS(s);INS(s);;danish
elskerinde;elskerinders;elskerindeINS(rs);INS(rs);;danish
svigte;svigtedes;svigteINS(des);INS(des);;danish
trone;troners;troneINS(rs);INS(rs);;danish
erektion;erektionen;erektioINS(ne)n;INS(ne);;danish
fordanskning;fordanskningerne;fordanskningINS(erne);INS(erne);;danish
palindrom;palindromet;palindromINS(et);INS(et);;danish
forårsrulle;forårsrulle;forårsrulle;;;danish
tyskertøs;tyskertøs';tyskertøsINS(');INS(');;danish
måneformørkelse;måneformørkelserne;måneformørkelsINS(ern)e;INS(ern);;danish
katakombe;katakombe;katakombe;;;danish
gudbarn;gudbarn;gudbarn;;;danish
lab;lab;lab;;;danish
elske;elsker;elskeINS(r);INS(r);;danish
laks;laksen;laksINS(en);INS(en);;danish
fiske;fiske;fiske;;;danish
kobber;kobberes;kobberINS(es);INS(es);;danish
bugspytkirtel;bugspytkirtel;bugspytkirtel;;;danish
pigtråd;pigtråd;pigtråd;;;danish
seraf;serafs;serafINS(s);INS(s);;danish
engel;engels;engelINS(s);INS(s);;danish
spektakel;spektaklerne;spektakINS(lern)eDEL(l);INS(lern);DEL(l);danish
skomager;skomagere;skomagerINS(e);INS(e);;danish
kandisere;kandiser;kandiserDEL(e);;DEL(e);danish
skalerbarhed;skalerbarheder;skalerbarhedINS(er);INS(er);;danish
mannequin;mannequinen;mannequiINS(ne)n;INS(ne);;danish
hyæne;hyænen;hyæneINS(n);INS(n);;danish
inspicere;inspicerer;inspicereINS(r);INS(r);;danish
maskine;maskinerne;maskiINS(ner)ne;INS(ner);;danish
budskab;budskabs;budskabINS(s);INS(s);;danish
trone;trones;troneINS(s);INS(s);;danish
strømstyrke;strømstyrker;strømstyrkeINS(r);INS(r);;danish
vandbakkelse;vandbakkelse;vandbakkelse;;;danish
gnist;gnisten;gnistINS(en);INS(en);;danish
fjende;fjende;fjende;;;danish
forurening;forureningerne;forureningINS(erne);INS(erne);;danish
delegere;delegeres;delegereINS(s);INS(s);;danish
nutid;nutiders;nutidINS(ers);INS(ers);;danish
knor;knor;knor;;;danish
datter;døtres;dDEL(at)INS(ø)tDEL(e)rINS(es);INS(ø),INS(es);DEL(at),DEL(e);danish
godbid;godbids;godbidINS(s);INS(s);;danish
penneven;pennevens;pennevenINS(s);INS(s);;danish
tåge;tåger;tågeINS(r);INS(r);;danish
svoger;svogre;svogDEL(e)rINS(e);INS(e);DEL(e);danish
radiobil;radiobiler;radiobilINS(er);INS(er);;danish
vadested;vadestederne;vadestedINS(erne);INS(erne);;danish
kongepingvin;kongepingvinen;kongepingviINS(ne)n;INS(ne);;danish
tæller;tællere;tællerINS(e);INS(e);;danish
skib;skib;skib;;;danish
semiotiker;semiotiker;semiotiker;;;danish
ingeniør;ingeniørs;ingeniørINS(s);INS(s);;danish
malstrøm;malstrømmes;malstrømINS(mes);INS(mes);;danish
moderkage;moderkages;moderkageINS(s);INS(s);;danish
aften;aften;aften;;;danish
teater;teatres;teatDEL(e)rINS(es);INS(es);DEL(e);danish
frygte;frygt;frygtDEL(e);;DEL(e);danish
parentes;parentesen;parentesINS(en);INS(en);;danish
ubåd;ubådes;ubådINS(es);INS(es);;danish
frokost;frokosts;frokostINS(s);INS(s);;danish
ja;jaerne;jaINS(erne);INS(erne);;danish
indbrud;indbruddet;indbrudINS(det);INS(det);;danish
ambassade;ambassades;ambassadeINS(s);INS(s);;danish
mareridt;mareridt;mareridt;;;danish
fritænker;fritænkere;fritænkerINS(e);INS(e);;danish
affaldsstof;affaldsstoffer;affaldsstofINS(fer);INS(fer);;danish
rygrad;rygrad;rygrad;;;danish
pors;porsen;porsINS(en);INS(en);;danish
viking;vikingerne;vikingINS(erne);INS(erne);;danish
genotype;genotypes;genotypeINS(s);INS(s);;danish
facon;faconer;faconINS(er);INS(er);;danish
strube;strubes;strubeINS(s);INS(s);;danish
paryk;paryk;paryk;;;danish
behov;behovs;behovINS(s);INS(s);;danish
punkt;punktet;punkINS(te)t;INS(te);;danish
standard;standarderne;standardINS(erne);INS(erne);;danish
hjærte;hjærterne;hjærtINS(ern)e;INS(ern);;danish
plads;pladsers;pladINS(ser)s;INS(ser);;danish
dyst;dyst;dyst;;;danish
herbivor;herbivoren;herbivorINS(en);INS(en);;danish
rabarber;rabarberen;rabarberINS(en);INS(en);;danish
menneske;menneskes;menneskeINS(s);INS(s);;danish
pynte;pyntende;pyntINS(end)e;INS(end);;danish
skridtbeskytter;skridtbeskyttere;skridtbeskytterINS(e);INS(e);;danish
kæderyger;kæderygers;kæderygerINS(s);INS(s);;danish
hæle;hælede;hælINS(ed)e;INS(ed);;danish
definere;definer;definerDEL(e);;DEL(e);danish
majsolie;majsoliers;majsolieINS(rs);INS(rs);;danish
knurhår;knurhåret;knurhårINS(et);INS(et);;danish
landskab;landskaber;landskabINS(er);INS(er);;danish
radio;radio;radio;;;danish
testikel;testikels;testikelINS(s);INS(s);;danish
kildekode;kildekoder;kildekodeINS(r);INS(r);;danish
anonymisere;anonymisere;anonymisere;;;danish
sommerfugl;sommerfugle;sommerfuglINS(e);INS(e);;danish
kirtel;kirtlers;kirtDEL(e)lINS(ers);INS(ers);DEL(e);danish
resurse;resurserne;resursINS(ern)e;INS(ern);;danish
grindehval;grindehvale;grindehvalINS(e);INS(e);;danish
kunstgalleri;kunstgalleriet;kunstgalleriINS(et);INS(et);;danish
bibel;bibler;bibDEL(e)lINS(er);INS(er);DEL(e);danish
jordskælv;jordskælvene;jordskælvINS(ene);INS(ene);;danish
viking;vikings;vikingINS(s);INS(s);;danish
evighed;evigheds;evighedINS(s);INS(s);;danish
bøsse;bøsses;bøsseINS(s);INS(s);;danish
sorteringsmaskine;sorteringsmaskines;sorteringsmaskineINS(s);INS(s);;danish
betaling;betalings;betalingINS(s);INS(s);;danish
tortur;torturen;torturINS(en);INS(en);;danish
skede;skedes;skedeINS(s);INS(s);;danish
grunde;grundet;grundeINS(t);INS(t);;danish
besked;beskeders;beskedINS(ers);INS(ers);;danish
sætning;sætnings;sætningINS(s);INS(s);;danish
knob;knob;knob;;;danish
butik;butikkerne;butikINS(kerne);INS(kerne);;danish
fedtsyl;fedtsylerne;fedtsylINS(erne);INS(erne);;danish
eventyrer;eventyrerne;eventyrerINS(ne);INS(ne);;danish
violin;violins;violinINS(s);INS(s);;danish
vektorprodukt;vektorprodukter;vektorproduktINS(er);INS(er);;danish
hjemmeside;hjemmesides;hjemmesideINS(s);INS(s);;danish
kategori;kategorierne;kategoriINS(erne);INS(erne);;danish
ydmygelse;ydmygelse;ydmygelse;;;danish
quinde;quinderne;quindINS(ern)e;INS(ern);;danish
udstyre;udstyr;udstyrDEL(e);;DEL(e);danish
skræl;skræls;skrælINS(s);INS(s);;danish
ansøgning;ansøgning;ansøgning;;;danish
roma;romas;romaINS(s);INS(s);;danish
lønforhøjelse;lønforhøjelserne;lønforhøjelsINS(ern)e;INS(ern);;danish
revers;reversers;revINS(ers)ers;INS(ers);;danish
teori;teorierne;teoriINS(erne);INS(erne);;danish
sæl;sælers;sælINS(ers);INS(ers);;danish
harpun;harpuner;harpunINS(er);INS(er);;danish
anledning;anlednings;anledningINS(s);INS(s);;danish
diæt;diæten;diætINS(en);INS(en);;danish
album;albummet;albumINS(met);INS(met);;danish
muddergrøft;muddergrøfters;muddergrøftINS(ers);INS(ers);;danish
myndighedsrepræsentant;myndighedsrepræsentanterne;myndighedsrepræsentantINS(erne);INS(erne);;danish
slagsmål;slagsmål;slagsmål;;;danish
djævel;djævel;djævel;;;danish
laps;lapsene;lapsINS(ene);INS(ene);;danish
skuffelse;skuffelse;skuffelse;;;danish
snebold;snebolds;sneboldINS(s);INS(s);;danish
bogklub;bogklubben;bogklubINS(ben);INS(ben);;danish
prosadigt;prosadigte;prosadigtINS(e);INS(e);;danish
standard;standarder;standardINS(er);INS(er);;danish
henvendelse;henvendelsen;henvendelseINS(n);INS(n);;danish
weekend;weekenders;weekendINS(ers);INS(ers);;danish
recept;recepters;receptINS(ers);INS(ers);;danish
biprodukt;biprodukts;biproduktINS(s);INS(s);;danish
trampolin;trampoliners;trampolinINS(ers);INS(ers);;danish
forglemmigej;forglemmigejer;forglemmigejINS(er);INS(er);;danish
redoxreaktion;redoxreaktionen;redoxreaktioINS(ne)n;INS(ne);;danish
indbygger;indbyggere;indbyggerINS(e);INS(e);;danish
cirkel;cirklen;cirkDEL(e)lINS(en);INS(en);DEL(e);danish
flakon;flakoners;flakonINS(ers);INS(ers);;danish
postbud;postbuddet;postbudINS(det);INS(det);;danish
konsekvens;konsekvens;konsekvens;;;danish
alkoholiker;alkoholikeres;alkoholikerINS(es);INS(es);;danish
bedemand;bedemændene;bedemDEL(a)INS(æ)ndINS(ene);INS(æ),INS(ene);DEL(a);danish
tagetage;tage;DEL(tage)tage;;DEL(tage);danish
kryster;krystere;krysterINS(e);INS(e);;danish
mellemnavn;mellemnavnene;mellemnavnINS(ene);INS(ene);;danish
armhule;armhules;armhuleINS(s);INS(s);;danish
moderkage;moderkagers;moderkageINS(rs);INS(rs);;danish
angstskrig;angstskrigene;angstskrigINS(ene);INS(ene);;danish
undulat;undulater;undulatINS(er);INS(er);;danish
smørelse;smørelses;smørelseINS(s);INS(s);;danish
hvirveldyr;hvirveldyrs;hvirveldyrINS(s);INS(s);;danish
halvtredser;halvtredsers;halvtredserINS(s);INS(s);;danish
tortere;torter;torterDEL(e);;DEL(e);danish
mobning;mobning;mobning;;;danish
islom;isloms;islomINS(s);INS(s);;danish
græskar;græskar;græskar;;;danish
harve;harves;harveINS(s);INS(s);;danish
varulv;varulves;varulvINS(es);INS(es);;danish
kalkun;kalkuns;kalkunINS(s);INS(s);;danish
mellemnavn;mellemnavne;mellemnavnINS(e);INS(e);;danish
kaution;kautions;kautionINS(s);INS(s);;danish
adamsæble;adamsæblerne;adamsæblINS(ern)e;INS(ern);;danish
eksemplar;eksemplar;eksemplar;;;danish
musikpædagogik;musikpædagogiks;musikpædagogikINS(s);INS(s);;danish
skyllemiddel;skyllemiddels;skyllemiddelINS(s);INS(s);;danish
kænguru;kænguru;kænguru;;;danish
krog;kroge;krogINS(e);INS(e);;danish
brøk;brøks;brøkINS(s);INS(s);;danish
høstak;høstakke;høstakINS(ke);INS(ke);;danish
møde;møders;mødeINS(rs);INS(rs);;danish
tandbørste;tandbørsten;tandbørsteINS(n);INS(n);;danish
tyrker;tyrkere;tyrkerINS(e);INS(e);;danish
annihilere;annihileres;annihilereINS(s);INS(s);;danish
svane;svanen;svaneINS(n);INS(n);;danish
stådreng;stådrengene;stådrengINS(ene);INS(ene);;danish
botanik;botaniks;botanikINS(s);INS(s);;danish
skærf;skærfene;skærfINS(ene);INS(ene);;danish
nidstirre;nidstirrende;nidstirrINS(end)e;INS(end);;danish
spændingsforskel;spændingsforskels;spændingsforskelINS(s);INS(s);;danish
afstand;afstands;afstandINS(s);INS(s);;danish
hare;hares;hareINS(s);INS(s);;danish
remoulade;remouladers;remouladeINS(rs);INS(rs);;danish
bombardement;bombardementer;bombardementINS(er);INS(er);;danish
kaktus;kaktussen;kaktusINS(sen);INS(sen);;danish
vinkelhalveringslinje;vinkelhalveringslinjer;vinkelhalveringslinjeINS(r);INS(r);;danish
mandag;mandags;mandagINS(s);INS(s);;danish
skib;skibene;skibINS(ene);INS(ene);;danish
onsdag;onsdag;onsdag;;;danish
citat;citatet;citaINS(te)t;INS(te);;danish
konservatorie;konservatoriers;konservatorieINS(rs);INS(rs);;danish
urin;urinen;uriINS(ne)n;INS(ne);;danish
høstak;høstak;høstak;;;danish
smykke;smykket;smykkeINS(t);INS(t);;danish
hjerte;hjertet;hjerteINS(t);INS(t);;danish
danse;danser;danseINS(r);INS(r);;danish
hornhinde;hornhinde;hornhinde;;;danish
skurk;skurkes;skurkINS(es);INS(es);;danish
breche;brecher;brecheINS(r);INS(r);;danish
elg;elge;elgINS(e);INS(e);;danish
pikkemand;pikkemands;pikkemandINS(s);INS(s);;danish
cellemembran;cellemembraner;cellemembranINS(er);INS(er);;danish
sinecure;sinecurer;sinecureINS(r);INS(r);;danish
datid;datider;datidINS(er);INS(er);;danish
kalkulere;kalkulere;kalkulere;;;danish
bøjning;bøjningerne;bøjningINS(erne);INS(erne);;danish
skoletaske;skoletaske;skoletaske;;;danish
piberenser;piberensers;piberenserINS(s);INS(s);;danish
beton;betoners;betonINS(ers);INS(ers);;danish
hjørne;hjørner;hjørneINS(r);INS(r);;danish
babyble;babybleer;babybleINS(er);INS(er);;danish
mellemniveau;mellemniveauer;mellemniveauINS(er);INS(er);;danish
ægtefælle;ægtefællerne;ægtefællINS(ern)e;INS(ern);;danish
pomme frite;pommes fritene;pommeINS(s) fritINS(en)e;INS(s),INS(en);;danish
kandestøber;kandestøbere;kandestøberINS(e);INS(e);;danish
landskab;landskabet;landskabINS(et);INS(et);;danish
hængebro;hængebroerne;hængebroINS(erne);INS(erne);;danish
sæbe;sæbers;sæbeINS(rs);INS(rs);;danish
telegrafist;telegrafisten;telegrafistINS(en);INS(en);;danish
paranød;paranødden;paranødINS(den);INS(den);;danish
mayonnaise;mayonnaise;mayonnaise;;;danish
standard;standarders;standardINS(ers);INS(ers);;danish
terning;terninger;terningINS(er);INS(er);;danish
rokade;rokade;rokade;;;danish
korrigere;korriger;korrigerDEL(e);;DEL(e);danish
kjove;kjoverne;kjovINS(ern)e;INS(ern);;danish
hall;halls;hallINS(s);INS(s);;danish
legetøj;legetøjs;legetøjINS(s);INS(s);;danish
bygning;bygningen;bygningINS(en);INS(en);;danish
afkom;afkommet;afkomINS(met);INS(met);;danish
telegraf;telegrafer;telegrafINS(er);INS(er);;danish
udvikler;udviklers;udviklerINS(s);INS(s);;danish
glas;glas';glasINS(');INS(');;danish
glente;glentes;glenteINS(s);INS(s);;danish
od;odden;odINS(den);INS(den);;danish
dørklokke;dørklokke;dørklokke;;;danish
idiotsikre;idiotsikre;idiotsikre;;;danish
tibetaner;tibetaners;tibetanerINS(s);INS(s);;danish
småkage;småkages;småkageINS(s);INS(s);;danish
nat;nats;natINS(s);INS(s);;danish
metropolit;metropolitter;metropolitINS(ter);INS(ter);;danish
savne;savn;savnDEL(e);;DEL(e);danish
barrikade;barrikaden;barrikadeINS(n);INS(n);;danish
delegat;delegaten;delegatINS(en);INS(en);;danish
ordklasse;ordklasserne;ordklassINS(ern)e;INS(ern);;danish
tavle;tavles;tavleINS(s);INS(s);;danish
landmand;landmanden;landmandINS(en);INS(en);;danish
altæder;altæder;altæder;;;danish
fødsel;fødslerne;fødsINS(lern)eDEL(l);INS(lern);DEL(l);danish
palmeolie;palmeolie;palmeolie;;;danish
rollemodel;rollemodeller;rollemodelINS(ler);INS(ler);;danish
mellemistid;mellemistiders;mellemistidINS(ers);INS(ers);;danish
varan;varan;varan;;;danish
førdatid;førdatiders;førdatidINS(ers);INS(ers);;danish
spark;sparkene;sparkINS(ene);INS(ene);;danish
ispind;ispindene;ispindINS(ene);INS(ene);;danish
quarterback;quarterbackerne;quarterbackINS(erne);INS(erne);;danish
sædcelle;sædcellers;sædcelleINS(rs);INS(rs);;danish
skilling;skillinger;skillingINS(er);INS(er);;danish
amager;amagere;amagerINS(e);INS(e);;danish
spindelvæv;spindelvæv;spindelvæv;;;danish
palads;paladser;paladsINS(er);INS(er);;danish
mundharpe;mundharpes;mundharpeINS(s);INS(s);;danish
cigaretskod;cigaretskoddet;cigaretskodINS(det);INS(det);;danish
navle;navlen;navleINS(n);INS(n);;danish
verballed;verballeds;verballedINS(s);INS(s);;danish
kokkepige;kokkepigers;kokkepigeINS(rs);INS(rs);;danish
montere;monteredes;montereINS(des);INS(des);;danish
mængdedifferens;mængdedifferensers;mængdedifferenINS(ser)s;INS(ser);;danish
loddekolbe;loddekolbes;loddekolbeINS(s);INS(s);;danish
deducere;deducerer;deducereINS(r);INS(r);;danish
gardin;gardiner;gardinINS(er);INS(er);;danish
ABC;ABC'erne;ABCINS('erne);INS('erne);;danish
kontor;kontors;kontorINS(s);INS(s);;danish
udbud;udbuds;udbudINS(s);INS(s);;danish
dadel;dadels;dadelINS(s);INS(s);;danish
kloakdyr;kloakdyrene;kloakdyrINS(ene);INS(ene);;danish
atomkerne;atomkernes;atomkerneINS(s);INS(s);;danish
svale;svale;svale;;;danish
bov;bovs;bovINS(s);INS(s);;danish
ekstranet;ekstranets;ekstranetINS(s);INS(s);;danish
apanage;apanagerne;apanagINS(ern)e;INS(ern);;danish
tagetes;tagetes;tagetes;;;danish
dekoration;dekorations;dekorationINS(s);INS(s);;danish
årsag;årsagen;årsagINS(en);INS(en);;danish
skidt;skidts;skidtINS(s);INS(s);;danish
dyste;dystede;dystINS(ed)e;INS(ed);;danish
controller;controlleres;controllerINS(es);INS(es);;danish
oase;oase;oase;;;danish
handikaptoilet;handikaptoilet;handikaptoilet;;;danish
antistof;antistoffer;antistofINS(fer);INS(fer);;danish
eksamen;eksamens;eksamenINS(s);INS(s);;danish
eventyrer;eventyrers;eventyrerINS(s);INS(s);;danish
indtaste;indtast;indtastDEL(e);;DEL(e);danish
biskop;biskopperne;biskopINS(perne);INS(perne);;danish
monark;monarkers;monarkINS(ers);INS(ers);;danish
skizofreni;skizofreniers;skizofreniINS(ers);INS(ers);;danish
væg;vægge;vægINS(ge);INS(ge);;danish
kasserolle;kasserolle;kasserolle;;;danish
paryk;parykkers;parykINS(kers);INS(kers);;danish
kendeord;kendeords;kendeordINS(s);INS(s);;danish
brudepige;brudepiges;brudepigeINS(s);INS(s);;danish
zucchini;zucchinier;zucchiniINS(er);INS(er);;danish
addere;adderedes;addereINS(des);INS(des);;danish
blåskimmelost;blåskimmelostes;blåskimmelostINS(es);INS(es);;danish
tortere;tortere;tortere;;;danish
arbejdsdag;arbejdsdages;arbejdsdagINS(es);INS(es);;danish
gennemsnit;gennemsnittene;gennemsnitINS(tene);INS(tene);;danish
e-mail;e-mails;e-mailINS(s);INS(s);;danish
æbleskive;æbleskiver;æbleskiveINS(r);INS(r);;danish
autokrati;autokratiet;autokratiINS(et);INS(et);;danish
spurt;spurts;spurtINS(s);INS(s);;danish
kulturchok;kulturchokket;kulturchokINS(ket);INS(ket);;danish
punkt;punkters;punktINS(ers);INS(ers);;danish
mønster;mønster;mønster;;;danish
adamsæble;adamsæble;adamsæble;;;danish
enke;enkes;enkeINS(s);INS(s);;danish
vaccine;vacciners;vaccineINS(rs);INS(rs);;danish
transformer;transformeres;transformerINS(es);INS(es);;danish
småkage;småkage;småkage;;;danish
pæderast;pæderasterne;pæderastINS(erne);INS(erne);;danish
sofa;sofaers;sofaINS(ers);INS(ers);;danish
skuldertræk;skuldertræk;skuldertræk;;;danish
kok;koks;kokINS(s);INS(s);;danish
bageri;bagerier;bageriINS(er);INS(er);;danish
rapportering;rapporteringer;rapporteringINS(er);INS(er);;danish
midnat;midnatten;midnatINS(ten);INS(ten);;danish
muldvarp;muldvarpes;muldvarpINS(es);INS(es);;danish
justere;justeres;justereINS(s);INS(s);;danish
våbenhvile;våbenhviler;våbenhvileINS(r);INS(r);;danish
redoxreaktion;redoxreaktions;redoxreaktionINS(s);INS(s);;danish
sudaner;sudaner;sudaner;;;danish
navneord;navneords;navneordINS(s);INS(s);;danish
nævn;nævns;nævnINS(s);INS(s);;danish
kunstgalleri;kunstgalleris;kunstgalleriINS(s);INS(s);;danish
roma;romaer;romaINS(er);INS(er);;danish
grundlag;grundlaget;grundlagINS(et);INS(et);;danish
intelligenskvotient;intelligenskvotients;intelligenskvotientINS(s);INS(s);;danish
håndtaske;håndtaskers;håndtaskeINS(rs);INS(rs);;danish
hængelås;hængelåsene;hængelåsINS(ene);INS(ene);;danish
fobi;fobis;fobiINS(s);INS(s);;danish
materiale;materialerne;materialINS(ern)e;INS(ern);;danish
skohorn;skohorns;skohornINS(s);INS(s);;danish
sojaolie;sojaolier;sojaolieINS(r);INS(r);;danish
pantebrev;pantebrevet;pantebrevINS(et);INS(et);;danish
buffer;bufferene;bufferINS(ene);INS(ene);;danish
afgrøde;afgrøder;afgrødeINS(r);INS(r);;danish
oprindelse;oprindelsen;oprindelseINS(n);INS(n);;danish
paddel;padler;padDEL(de)lINS(er);INS(er);DEL(de);danish
ektoplasma;ektoplasmas;ektoplasmaINS(s);INS(s);;danish
partner;partnere;partnerINS(e);INS(e);;danish
rosmarin;rosmarinerne;rosmarinINS(erne);INS(erne);;danish
topografi;topografierne;topografiINS(erne);INS(erne);;danish
monsun;monsuners;monsunINS(ers);INS(ers);;danish
bibel;biblenbibelen;INS(biblen)bibelINS(en);INS(biblen),INS(en);;danish
hoppe;hopper;hoppeINS(r);INS(r);;danish
halvmåne;halvmånes;halvmåneINS(s);INS(s);;danish
resurse;resursers;resurseINS(rs);INS(rs);;danish
topolog;topolog;topolog;;;danish
spilfigur;spilfigurer;spilfiguINS(re)r;INS(re);;danish
koben;kobenet;kobenINS(et);INS(et);;danish
kronprinsesse;kronprinsesserne;kronprinsessINS(ern)e;INS(ern);;danish
hovedpine;hovedpinerne;hovedpiINS(ner)ne;INS(ner);;danish
julelys;julelys;julelys;;;danish
præposition;præposition;præposition;;;danish
zucchini;zucchinis;zucchiniINS(s);INS(s);;danish
franskmand;franskmænds;franskmDEL(a)INS(æ)ndINS(s);INS(æ),INS(s);DEL(a);danish
frænde;frændes;frændeINS(s);INS(s);;danish
evighed;evighederne;evighedINS(erne);INS(erne);;danish
terminologi;terminologi;terminologi;;;danish
mængde;mængden;mængdeINS(n);INS(n);;danish
agnostiker;agnostikere;agnostikerINS(e);INS(e);;danish
parabolantenne;parabolantennen;parabolantenneINS(n);INS(n);;danish
kaskelothval;kaskelothvaler;kaskelothvalINS(er);INS(er);;danish
tyver;tyveren;tyverINS(en);INS(en);;danish
boheme;bohemers;bohemeINS(rs);INS(rs);;danish
elg;elgene;elgINS(ene);INS(ene);;danish
datere;daterer;datereINS(r);INS(r);;danish
password;passwords;passwordINS(s);INS(s);;danish
grin;grins;grinINS(s);INS(s);;danish
skrin;skrin;skrin;;;danish
måge;måge;måge;;;danish
vom;voms;vomINS(s);INS(s);;danish
mikrobølge;mikrobølger;mikrobølgeINS(r);INS(r);;danish
hollænder;hollænderne;hollænderINS(ne);INS(ne);;danish
gasturbine;gasturbinerne;gasturbiINS(ner)ne;INS(ner);;danish
hundesnor;hundesnoren;hundesnorINS(en);INS(en);;danish
differentialkvotient;differentialkvotienter;differentialkvotientINS(er);INS(er);;danish
organisme;organismers;organismeINS(rs);INS(rs);;danish
metamorfose;metamorfoses;metamorfoseINS(s);INS(s);;danish
musikartikel;musikartikel;musikartikel;;;danish
mund;munde;mundINS(e);INS(e);;danish
palindrom;palindromerne;palindromINS(erne);INS(erne);;danish
ballet;ballets;balletINS(s);INS(s);;danish
harmonika;harmonikaerne;harmonikaINS(erne);INS(erne);;danish
brillant;brillant;brillant;;;danish
foster;foster;foster;;;danish
agronom;agronomen;agronomINS(en);INS(en);;danish
fjord;fjord;fjord;;;danish
elegi;elegien;elegiINS(en);INS(en);;danish
hovedpine;hovedpiner;hovedpineINS(r);INS(r);;danish
selskab;selskabers;selskabINS(ers);INS(ers);;danish
påske;påske;påske;;;danish
sædvane;sædvaners;sædvaneINS(rs);INS(rs);;danish
ejer;ejers;ejerINS(s);INS(s);;danish
mindretalsregering;mindretalsregeringers;mindretalsregeringINS(ers);INS(ers);;danish
malke;malker;malkeINS(r);INS(r);;danish
tilnavn;tilnavnene;tilnavnINS(ene);INS(ene);;danish
slange;slangerne;slangINS(ern)e;INS(ern);;danish
numse;numse;numse;;;danish
bilvask;bilvaske;bilvaskINS(e);INS(e);;danish
trone;trone;trone;;;danish
lampeskærm;lampeskærme;lampeskærmINS(e);INS(e);;danish
elevator;elevatorers;elevatorINS(ers);INS(ers);;danish
guldbrakteat;guldbrakteater;guldbrakteatINS(er);INS(er);;danish
oplysning;oplysningerne;oplysningINS(erne);INS(erne);;danish
pentagram;pentagrammers;pentagramINS(mers);INS(mers);;danish
hormon;hormoner;hormonINS(er);INS(er);;danish
substantiv;substantivet;substantivINS(et);INS(et);;danish
lommetyv;lommetyves;lommetyvINS(es);INS(es);;danish
platformspil;platformspillet;platformspilINS(let);INS(let);;danish
dekret;dekreterne;dekretINS(erne);INS(erne);;danish
akronym;akronymet;akronymINS(et);INS(et);;danish
albumin;albuminet;albuminINS(et);INS(et);;danish
epitet;epiteterne;epitetINS(erne);INS(erne);;danish
udgang;udgangs;udgangINS(s);INS(s);;danish
Wikipediabrugerside;Wikipediabrugersider;WikipediabrugersideINS(r);INS(r);;danish
barbering;barberinger;barberingINS(er);INS(er);;danish
urinsekt;urinsekter;urinsektINS(er);INS(er);;danish
nyre;nyrers;nyreINS(rs);INS(rs);;danish
strubehoved;strubehovedet;strubehovedINS(et);INS(et);;danish
rhesusabe;rhesusabers;rhesusabeINS(rs);INS(rs);;danish
mandel;mandlerne;mandINS(lern)eDEL(l);INS(lern);DEL(l);danish
sprog;sproget;sprogINS(et);INS(et);;danish
pengepung;pengepungen;pengepungINS(en);INS(en);;danish
gestus;gestussene;gestusINS(sene);INS(sene);;danish
hyppighed;hyppigheden;hyppighedINS(en);INS(en);;danish
intelligens;intelligenserne;intelligensINS(erne);INS(erne);;danish
imitere;imiteres;imitereINS(s);INS(s);;danish
computerspilkarakter;computerspilkarakters;computerspilkarakterINS(s);INS(s);;danish
ophavsgruppe;ophavsgruppers;ophavsgruppeINS(rs);INS(rs);;danish
purere;pureres;purereINS(s);INS(s);;danish
dokument;dokumenters;dokumentINS(ers);INS(ers);;danish
mangel;mangels;mangelINS(s);INS(s);;danish
karaffel;karafler;karafDEL(fe)lINS(er);INS(er);DEL(fe);danish
diplom;diplomerne;diplomINS(erne);INS(erne);;danish
agnostiker;agnostikerne;agnostikerINS(ne);INS(ne);;danish
syllogisme;syllogismer;syllogismeINS(r);INS(r);;danish
filosof;filosof;filosof;;;danish
biord;biords;biordINS(s);INS(s);;danish
ildsjæl;ildsjæls;ildsjælINS(s);INS(s);;danish
måneformørkelse;måneformørkelsen;måneformørkelseINS(n);INS(n);;danish
carnivor;carnivorer;carnivoINS(re)r;INS(re);;danish
huskat;huskatten;huskatINS(ten);INS(ten);;danish
returnere;returnerer;returnereINS(r);INS(r);;danish
starut;starutter;starutINS(ter);INS(ter);;danish
elskerinde;elskerinden;elskerindeINS(n);INS(n);;danish
time;timer;timeINS(r);INS(r);;danish
trækbasun;trækbasunerne;trækbasunINS(erne);INS(erne);;danish
ressource;ressource;ressource;;;danish
kjole;kjolen;kjoleINS(n);INS(n);;danish
herbivor;herbivorerne;herbivorINS(erne);INS(erne);;danish
valravn;valravne;valravnINS(e);INS(e);;danish
portemonnæ;portemonnæer;portemonnæINS(er);INS(er);;danish
englænderinde;englænderinderne;englænderindINS(ern)e;INS(ern);;danish
hår;hårs;hårINS(s);INS(s);;danish
gratismagasin;gratismagasiner;gratismagasinINS(er);INS(er);;danish
frænde;frænden;frændeINS(n);INS(n);;danish
maddike;maddiken;maddikeINS(n);INS(n);;danish
nørd;nørderne;nørdINS(erne);INS(erne);;danish
laps;laps;laps;;;danish
stamme;stammers;stammeINS(rs);INS(rs);;danish
pizza;pizzaen;pizzaINS(en);INS(en);;danish
hvalp;hvalpes;hvalpINS(es);INS(es);;danish
akkord;akkorder;akkordINS(er);INS(er);;danish
sprække;sprækkers;sprækkeINS(rs);INS(rs);;danish
sneugle;sneugle;sneugle;;;danish
ønskedrøm;ønskedrøms;ønskedrømINS(s);INS(s);;danish
riste;rister;risteINS(r);INS(r);;danish
flankere;flankeredes;flankereINS(des);INS(des);;danish
spisebord;spisebordene;spisebordINS(ene);INS(ene);;danish
rævegrav;rævegraves;rævegravINS(es);INS(es);;danish
knar;knarer;knaINS(re)r;INS(re);;danish
mangel;mangel;mangel;;;danish
fiske;fisk;fiskDEL(e);;DEL(e);danish
kæle;kælede;kælINS(ed)e;INS(ed);;danish
berømmelse;berømmelsen;berømmelseINS(n);INS(n);;danish
østers;østersen;østersINS(en);INS(en);;danish
erobre;erobrende;erobrINS(end)e;INS(end);;danish
dehydrere;dehydrer;dehydrerDEL(e);;DEL(e);danish
sæbe;sæberne;sæbINS(ern)e;INS(ern);;danish
musikkonservatorie;musikkonservatorie;musikkonservatorie;;;danish
egetræ;egetræet;egetræINS(et);INS(et);;danish
hjertestop;hjertestoppene;hjertestopINS(pene);INS(pene);;danish
ukrainer;ukrainer;ukrainer;;;danish
pistol;pistoler;pistolINS(er);INS(er);;danish
askebæger;askebægere;askebægerINS(e);INS(e);;danish
ændringsforslag;ændringsforslags;ændringsforslagINS(s);INS(s);;danish
klimaændring;klimaændringers;klimaændringINS(ers);INS(ers);;danish
advarsel;advarslers;advarsDEL(e)lINS(ers);INS(ers);DEL(e);danish
ork;orker;orkINS(er);INS(er);;danish
galoche;galoche;galoche;;;danish
månefase;månefases;månefaseINS(s);INS(s);;danish
tekniker;tekniker;tekniker;;;danish
hade;hadende;haINS(den)de;INS(den);;danish
telefonboks;telefonboks;telefonboks;;;danish
vinge;vingen;vingeINS(n);INS(n);;danish
albino;albinoerne;albinoINS(erne);INS(erne);;danish
køkkenvask;køkkenvaskene;køkkenvaskINS(ene);INS(ene);;danish
modersmål;modersmål;modersmål;;;danish
pistol;pistolerne;pistolINS(erne);INS(erne);;danish
kaffekande;kaffekande;kaffekande;;;danish
begyndelse;begyndelsers;begyndelseINS(rs);INS(rs);;danish
bajer;bajers;bajerINS(s);INS(s);;danish
fornemmelse;fornemmelsen;fornemmelseINS(n);INS(n);;danish
ragout;ragouter;ragoutINS(er);INS(er);;danish
asteroide;asteroides;asteroideINS(s);INS(s);;danish
kuller;kullers;kullerINS(s);INS(s);;danish
krokodilletåre;krokodilletåres;krokodilletåreINS(s);INS(s);;danish
udrensning;udrensnings;udrensningINS(s);INS(s);;danish
terzet;terzetten;terzetINS(ten);INS(ten);;danish
parallelogram;parallelogrammerne;parallelogramINS(merne);INS(merne);;danish
datolinje;datolinje;datolinje;;;danish
satse;satser;satseINS(r);INS(r);;danish
påmindelse;påmindelse;påmindelse;;;danish
negl;neglene;neglINS(ene);INS(ene);;danish
brag;bragene;bragINS(ene);INS(ene);;danish
golfbane;golfbaners;golfbaneINS(rs);INS(rs);;danish
fork;forks;forkINS(s);INS(s);;danish
provins;provinsers;provinINS(ser)s;INS(ser);;danish
afsnit;afsnits;afsnitINS(s);INS(s);;danish
lad;lads;ladINS(s);INS(s);;danish
salut;salut;salut;;;danish
efterår;efterårene;efterårINS(ene);INS(ene);;danish
orgasme;orgasmer;orgasmeINS(r);INS(r);;danish
sejle;sejler;sejleINS(r);INS(r);;danish
gravsten;gravstens;gravstenINS(s);INS(s);;danish
e-mail-adresse;e-mail-adresses;e-mail-adresseINS(s);INS(s);;danish
styr;styrs;styrINS(s);INS(s);;danish
trækharmonika;trækharmonikaen;trækharmonikaINS(en);INS(en);;danish
metal;metals;metalINS(s);INS(s);;danish
pip;pips;pipINS(s);INS(s);;danish
quinde;quinder;quindeINS(r);INS(r);;danish
tidsrejse;tidsrejsen;tidsrejseINS(n);INS(n);;danish
sålbænk;sålbænk;sålbænk;;;danish
skæbne;skæbnes;skæbneINS(s);INS(s);;danish
vandringsmand;vandringsmændene;vandringsmDEL(a)INS(æ)ndINS(ene);INS(æ),INS(ene);DEL(a);danish
næse;næsers;næseINS(rs);INS(rs);;danish
flynder;flynders;flynderINS(s);INS(s);;danish
legeplads;legeplads;legeplads;;;danish
laks;laks';laksINS(');INS(');;danish
bibel;biblerne;bibINS(lern)eDEL(l);INS(lern);DEL(l);danish
sejr;sejrs;sejrINS(s);INS(s);;danish
belaste;belastende;belastINS(end)e;INS(end);;danish
vegetar;vegetarers;vegetarINS(ers);INS(ers);;danish
riffel;rifler;rifDEL(fe)lINS(er);INS(er);DEL(fe);danish
rygte;rygters;rygteINS(rs);INS(rs);;danish
opmærksomhed;opmærksomheden;opmærksomhedINS(en);INS(en);;danish
gudshus;gudshus;gudshus;;;danish
sejl;sejl;sejl;;;danish
pentagon;pentagoner;pentagonINS(er);INS(er);;danish
fængsle;fængslet;fængsleINS(t);INS(t);;danish
trin;trins;trinINS(s);INS(s);;danish
bordeaux;bordeauxer;bordeauxINS(er);INS(er);;danish
kalksten;kalkstenen;kalkstINS(en)en;INS(en);;danish
motorcykel;motorcykler;motorcykDEL(e)lINS(er);INS(er);DEL(e);danish
emotikon;emotikonet;emotikonINS(et);INS(et);;danish
imitere;imiterende;imiterINS(end)e;INS(end);;danish
dyne;dynes;dyneINS(s);INS(s);;danish
topografi;topografis;topografiINS(s);INS(s);;danish
insekt;insekts;insektINS(s);INS(s);;danish
vabel;vabler;vabDEL(e)lINS(er);INS(er);DEL(e);danish
kælenavn;kælenavnet;kælenavnINS(et);INS(et);;danish
musikvideo;musikvideos;musikvideoINS(s);INS(s);;danish
accent;accenterne;accentINS(erne);INS(erne);;danish
torturere;tortureres;torturereINS(s);INS(s);;danish
sikring;sikring;sikring;;;danish
quiz;quizzer;quizINS(zer);INS(zer);;danish
tidszone;tidszones;tidszoneINS(s);INS(s);;danish
søjle;søjlers;søjleINS(rs);INS(rs);;danish
mængde;mængderne;mængdINS(ern)e;INS(ern);;danish
bombe;bombers;bombeINS(rs);INS(rs);;danish
præst;præsten;præstINS(en);INS(en);;danish
kører;kører;kører;;;danish
cigaretrør;cigaretrøret;cigaretrørINS(et);INS(et);;danish
entré;entré;entré;;;danish
stank;stankene;stankINS(ene);INS(ene);;danish
tørretumbler;tørretumblers;tørretumblerINS(s);INS(s);;danish
gælle;gælles;gælleINS(s);INS(s);;danish
ytring;ytrings;ytringINS(s);INS(s);;danish
antal;antallene;antalINS(lene);INS(lene);;danish
kolesterol;kolesterolen;kolesterolINS(en);INS(en);;danish
klassifikation;klassifikationer;klassifikationINS(er);INS(er);;danish
afgrøde;afgrødes;afgrødeINS(s);INS(s);;danish
remoulade;remoulader;remouladeINS(r);INS(r);;danish
skøjte;skøjtes;skøjteINS(s);INS(s);;danish
pædagogik;pædagogikken;pædagogikINS(ken);INS(ken);;danish
rokade;rokaders;rokadeINS(rs);INS(rs);;danish
tidspunkt;tidspunkts;tidspunktINS(s);INS(s);;danish
brusk;bruskes;bruskINS(es);INS(es);;danish
budskab;budskab;budskab;;;danish
makron;makroners;makronINS(ers);INS(ers);;danish
quarterback;quarterbacken;quarterbackINS(en);INS(en);;danish
bajer;bajer;bajer;;;danish
akvarel;akvarellerne;akvarelINS(lerne);INS(lerne);;danish
amatør;amatørerne;amatørINS(erne);INS(erne);;danish
kønsord;kønsord;kønsord;;;danish
bordeaux;bordeauxen;bordeauxINS(en);INS(en);;danish
syrer;syrere;syrerINS(e);INS(e);;danish
fatamorgana;fatamorganaet;fatamorganaINS(et);INS(et);;danish
stud;studs;studINS(s);INS(s);;danish
medicin;medicins;medicinINS(s);INS(s);;danish
nationalsang;nationalsangs;nationalsangINS(s);INS(s);;danish
brand;branden;brandINS(en);INS(en);;danish
afrodisiakum;afrodisiakummet;afrodisiakumINS(met);INS(met);;danish
storetå;storetæerne;storetDEL(å)INS(æerne);INS(æerne);DEL(å);danish
substans;substanserne;substansINS(erne);INS(erne);;danish
terminologi;terminologis;terminologiINS(s);INS(s);;danish
intranet;intranettet;intranINS(ett)et;INS(ett);;danish
ørken;ørkenenørknen;ørkINS(enenørkn)en;INS(enenørkn);;danish
sydvest;sydveste;sydvestINS(e);INS(e);;danish
mængdedifferens;mængdedifferenserne;mængdedifferensINS(erne);INS(erne);;danish
nidstirre;nidstirrede;nidstirrINS(ed)e;INS(ed);;danish
bidrag;bidraget;bidragINS(et);INS(et);;danish
eventyrer;eventyrer;eventyrer;;;danish
kunstgalleri;kunstgallerierne;kunstgalleriINS(erne);INS(erne);;danish
droge;drogen;drogeINS(n);INS(n);;danish
hovedpine;hovedpines;hovedpineINS(s);INS(s);;danish
indtaste;indtastet;indtasteINS(t);INS(t);;danish
stødtand;stødtænderne;stødtDEL(a)INS(æ)ndINS(erne);INS(æ),INS(erne);DEL(a);danish
monarki;monarkis;monarkiINS(s);INS(s);;danish
argument;argumenterne;argumentINS(erne);INS(erne);;danish
gemytlighed;gemytligheden;gemytlighedINS(en);INS(en);;danish
horkarl;horkarls;horkarlINS(s);INS(s);;danish
fluesmækker;fluesmækkerne;fluesmækkerINS(ne);INS(ne);;danish
bænk;bænks;bænkINS(s);INS(s);;danish
liv;livet;livINS(et);INS(et);;danish
konstruktion;konstruktions;konstruktionINS(s);INS(s);;danish
datere;daterende;daterINS(end)e;INS(end);;danish
nyttevirkning;nyttevirkningerne;nyttevirkningINS(erne);INS(erne);;danish
gæstebog;gæstebogs;gæstebogINS(s);INS(s);;danish
pornograf;pornograf;pornograf;;;danish
kondolere;kondolere;kondolere;;;danish
plombere;plomberer;plombereINS(r);INS(r);;danish
politimand;politimanden;politimandINS(en);INS(en);;danish
grape;grapes;grapeINS(s);INS(s);;danish
kaptajn;kaptajns;kaptajnINS(s);INS(s);;danish
hvalros;hvalros;hvalros;;;danish
skidt;skidtene;skidtINS(ene);INS(ene);;danish
inspicere;inspiceredes;inspicereINS(des);INS(des);;danish
askebæger;askebæger;askebæger;;;danish
radio;radioerne;radioINS(erne);INS(erne);;danish
husbåd;husbådene;husbådINS(ene);INS(ene);;danish
loppe;loppes;loppeINS(s);INS(s);;danish
biom;biomerne;biomINS(erne);INS(erne);;danish
sværdfisk;sværdfisk;sværdfisk;;;danish
fagforening;fagforenings;fagforeningINS(s);INS(s);;danish
piberi;piberis;piberiINS(s);INS(s);;danish
afsløre;afslørende;afslørINS(end)e;INS(end);;danish
montere;monterende;monterINS(end)e;INS(end);;danish
integrere;integrere;integrere;;;danish
svensker;svenskers;svenskerINS(s);INS(s);;danish
måde;måderne;mådINS(ern)e;INS(ern);;danish
hypotese;hypotese;hypotese;;;danish
forstærkning;forstærkning;forstærkning;;;danish
syre;syren;syreINS(n);INS(n);;danish
fjende;fjenders;fjendeINS(rs);INS(rs);;danish
kurs;kursers;kuINS(rse)rs;INS(rse);;danish
appelsin;appelsinen;appelsiINS(ne)n;INS(ne);;danish
lystre;lystredes;lystreINS(des);INS(des);;danish
kaution;kautioners;kautionINS(ers);INS(ers);;danish
valg;valg;valg;;;danish
dråbe;dråben;dråbeINS(n);INS(n);;danish
